1,2,1,3308092016,"Treko 3, Treko Mungkid",
2,3,1,3308092016,"Treko 3, Treko Mungkid",
3,4,1,3308092016,"Treko 3, Treko Mungkid",
4,5,1,3308092016,"Treko 3, Treko Mungkid",
5,6,1,3308092016,"Treko 3, Treko Mungkid",
6,7,2,3308092016,"Treko 3, Treko Mungkid",
7,8,1,3308092016,"Treko 2, Treko Mungkid",
8,9,1,3308092016,"Treko 2, Treko Mungkid",
9,10,1,3308092016,"Treko 2, Treko Mungkid",
10,11,1,3308092016,"Treko 2, Treko Mungkid",
11,12,1,3308092016,"Treko 5, Treko Mungkid",
12,13,3,3308092016,Treko Mungkid,
13,14,1,3308092016,Treko Mungkid,
14,15,1,3308092016,Treko Mungkid,
15,16,1,3308092016,Treko Mungkid,
16,17,1,3308092016,Treko Mungkid,
17,18,1,3308092016,Treko Mungkid,
18,19,1,3308092013,"Blondo , Mungkid",
19,20,4,3308092013,"Blondo , Mungkid",
20,21,4,3308092013,"Blondo , Mungkid",
21,22,5,3308092013,"Blondo , Mungkid",
22,23,1,3308092013,"Blondo , Mungkid",
23,24,1,3308092013,"Blondo , Mungkid",
24,25,1,3308092013,"Blondo , Mungkid",
25,25,4,3308092013,"Blondo , Mungkid",
26,26,1,3308092013,"Blondo , Mungkid",
27,27,2,3308092013,"Blondo , Mungkid",
28,26,4,3308092013,"Blondo , Mungkid",
29,28,2,3308092013,"Blondo , Mungkid",
30,28,4,3308092013,"Blondo , Mungkid",
31,29,1,3308092013,"Blondo , Mungkid",
32,29,4,3308092013,"Blondo , Mungkid",
33,29,2,3308092013,"Blondo , Mungkid",
34,30,1,3308092013,"Blondo , Mungkid",
35,31,1,3308092013,"Blondo , Mungkid",
36,32,3,3308092013,"Blondo , Mungkid",
37,33,1,3308092013,"Blondo , Mungkid",
38,34,1,3308092013,"Gedangan , Blondo",
39,35,1,3308092013,"Cekelan , Blondo",
40,36,1,3308092013,"Cekelan , Blondo",
41,37,1,3308092013,"Cekelan , Blondo",
42,38,4,3308092013,"Cekelan , Blondo",
43,39,4,3308092013,"Blondo , Mungkid",
44,40,5,3308092013,"Blondo , Mungkid",
45,41,1,3308092013,"Blondo , Mungkid",
46,42,6,3308092013,"Blondo , Mungkid",
47,43,6,3308092013,"Blondo , Mungkid",
48,44,7,3308092013,"Blondo , Mungkid",
49,45,6,3308092013,"Blondo , Mungkid",
50,46,6,3308092013,"Blondo , Mungkid",
51,47,1,3308092013,"Kalitan , Blondo",
52,48,1,3308092013,"Klebaan , Blondo",
53,49,1,3308092013,"Kalitan , Blondo",
54,50,1,3308092013,"Klebaan , Blondo",
55,51,1,3308092013,"Klebaan , Blondo",
56,52,1,3308092013,Randu gunting ,
57,53,1,3308092013,Randu gunting ,
58,54,1,3308092013,Randu gunting ,
59,55,1,3308092013,Randu gunting ,
60,56,1,3308092013,Randu gunting ,
61,57,1,3308092013,Randu gunting ,
62,58,1,3308092013,Randu gunting ,
63,59,1,3308092013,Randu gunting ,
64,60,1,3308092013,"Kalitan , Blondo",
65,61,1,3308092013,Klebaan Blondo,
66,62,1,3308092013,Klebaan Blondo,
67,63,1,3308092013,Klebaan Blondo,
68,64,1,3308092013,Klebaan Blondo,
69,65,1,3308092013,"Kalitan , Blondo",
70,66,1,3308092013,"Kalitan , Blondo",
71,67,1,3308092013,"Kalitan , Blondo",
72,68,1,3308092013,"Kalitan , Blondo",
73,69,1,3308092013,"Kalitan , Blondo",
74,70,1,3308092013,"Blondo , Mungkid",
75,71,1,3308092013,"Blondo , Mungkid",
76,72,1,3308092013,"Blondo , Mungkid",
77,73,1,3308092013,"Blondo , Mungkid",
78,74,1,3308092013,"Blondo , Mungkid",
79,75,1,3308092013,Randu gunting ,
80,76,1,3308092013,Randu gunting ,
81,77,1,3308092013,Randu gunting ,
82,78,1,3308092013,Randu gunting ,
83,79,1,3308092013,Randu gunting ,
84,80,1,3308092013,Randu gunting ,
85,81,1,3308092012,"Drojogan ,Bumirejo",
86,81,8,3308092012,"Drojogan ,Bumirejo",
87,81,4,3308092012,"Drojogan ,Bumirejo",
88,82,1,3308092012,Bumirejo Mungkid,
89,82,2,3308092012,Bumirejo Mungkid,
90,83,8,3308092012,Bumirejo Mungkid,
91,84,8,3308092012,"Drojogan ,Bumirejo",
92,85,9,3308092012,Bumirejo Mungkid,
93,86,1,3308092012,Bumirejo Mungkid,
94,87,1,3308092012,Bumirejo Mungkid,
95,88,1,3308092012,"Dukuh, Bumirejo",
96,89,1,3308092012,"Dukuh, Bumirejo",
97,90,1,3308092012,"Dukuh, Bumirejo",
98,91,10,3308092012,"Sanggrahan, Bumirejo",
99,92,10,3308092012,"Dukuh, Bumirejo",
100,93,10,3308092012,"Dukuh, Bumirejo",
101,94,3,3308092012,Bumirejo Mungkid,
102,95,1,3308092012,"Drojogan ,Bumirejo",
103,96,1,3308092012,"Pedak, Bumirejo",
104,97,1,3308092012,"Pedak, Bumirejo",
105,98,1,3308092012,"Pedak, Bumirejo",
106,99,1,3308092012,"Nampan, Bumirejo",
107,100,1,3308092012,"Nampan, Bumirejo",
108,101,11,3308092012,"Nampan, Bumirejo",
109,102,11,3308092012,"Nampan, Bumirejo",
110,103,1,3308092012,"Pucangan ,Bumirejo",
111,104,1,3308092012,"Pucangan ,Bumirejo",
112,105,1,3308092012,"Pucangan ,Bumirejo",
113,106,11,3308092012,"Nampan, Bumirejo",
114,107,1,3308092012,"Nampan, Bumirejo",
115,108,1,3308092012,"Nampan, Bumirejo",
116,109,1,3308092012,"Nampan, Bumirejo",
117,110,1,3308092012,"Nampan, Bumirejo",
118,111,1,3308092012,"Pedak, Bumirejo",
119,112,1,3308092012,"Pedak, Bumirejo",
120,113,1,3308092012,"Pedak, Bumirejo",
121,114,1,3308092012,"Pedak, Bumirejo",
122,115,1,3308092012,"Nampan, Bumirejo",
123,116,12,3308092012,"Nampan, Bumirejo",
124,117,1,3308092012,"Nampan, Bumirejo",
125,118,1,3308092012,"Sanggrahan, Bumirejo",
126,119,1,3308092012,"Sanggrahan, Bumirejo",
127,120,1,3308092012,"Kaungon, Bumirejo",
128,121,1,3308092012,"Kaungon, Bumirejo",
129,122,1,3308092012,"Kaungon, Bumirejo",
130,123,1,3308092012,"Kaungon, Bumirejo",
131,124,13,3308092012,"Kaungon, Bumirejo",
132,125,1,3308092012,"Tiban ,Bumirejo",
133,126,1,3308092012,"Tiban ,Bumirejo",
134,127,1,3308092012,"Tiban ,Bumirejo",
135,128,1,3308092012,"Drojogan ,Bumirejo",
136,129,1,3308092012,"Drojogan ,Bumirejo",
137,98,14,3308092012,"Kaungon, Bumirejo",
138,130,1,3308092012,"Tiban ,Bumirejo",
139,131,1,3308092012,"Tiban ,Bumirejo",
140,132,1,3308092012,"Tiban ,Bumirejo",
141,133,1,3308092012,"Tiban ,Bumirejo",
142,134,1,3308092012,"Sanggrahan, Bumirejo",
143,135,15,3308092012,"Sanggrahan, Bumirejo",
144,136,16,3308092012,"Sanggrahan, Bumirejo",
145,137,1,3308092012,"Sanggrahan, Bumirejo",
146,138,15,3308092012,"Sanggrahan, Bumirejo",
147,139,15,3308092012,"Sanggrahan, Bumirejo",
148,140,1,3308092012,"Sanggrahan, Bumirejo",
149,141,1,3308092012,"Tiban ,Bumirejo",
150,142,1,3308092012,"Tiban ,Bumirejo",
151,143,1,3308092009,"Tanggulangin, Pagersari",
152,144,17,3308092009,"Tanggulangin, Pagersari",
153,145,1,3308092009,"Kamal, Pagersari",
154,146,18,3308092009,"Kamal, Pagersari",
155,147,1,3308092009,"Kamal, Pagersari",
156,148,17,3308092009,"Pager jurang , Pagersari",
157,149,1,3308092009,"Pager jurang , Pagersari",
158,150,1,3308092009,"Tapen , Pagersari",
159,151,1,3308092009,"Tapen , Pagersari",
160,152,1,3308092009,"Tapen , Pagersari",
161,153,1,3308092009,"Tapen , Pagersari",
162,154,1,3308092009,"Jetis, Pagersari",
163,155,18,3308092009,"Jetis, Pagersari",
164,156,3,3308092009,Pagersari,
165,157,1,3308092009,Pagersari,
166,158,1,3308092005,"Saron , Rambeanak",
167,159,1,3308092005,"Saron , Rambeanak",
168,153,19,3308092005,"Saron , Rambeanak",
169,160,20,3308092005,"Saron , Rambeanak",
170,161,1,3308092005,"Saron , Rambeanak",
171,162,9,3308092005,"Rambeanak2 ,Rambeanak",
172,163,1,3308092005,"Rambeanak5 ,Rambeanak",
173,164,1,3308092005,"Rambeanak4 ,Rambeanak",
174,165,1,3308092005,"Rambeanak4 ,Rambeanak",
175,166,1,3308092005,"Rambeanak4 ,Rambeanak",
176,167,1,3308092005,"Karang , Rambeanak",
177,168,21,3308092005,"Karang , Rambeanak",
178,168,19,3308092005,"Karang , Rambeanak",
179,169,1,3308092005,"Rambeanak1 ,Rambeanak",
180,170,1,3308092005,"Rambeanak1 ,Rambeanak",
181,171,1,3308092005,"Rambeanak1 ,Rambeanak",
182,172,1,3308092005,"Gatak , Rambeanak",
183,173,1,3308092005,"Gatak , Rambeanak",
184,174,3,3308092005,Rambeanak,
185,173,22,3308092008,"Jarakan , Bojong, Mungkid",
186,175,1,3308092008,"Jarakan , Bojong, Mungkid",
187,176,21,3308092008,"Jarakan , Bojong, Mungkid",
188,177,10,3308092008,"Jarakan , Bojong, Mungkid",
189,178,19,3308092008,"Purwosari , Bojong, Mungkid",
190,179,1,3308092008,"Bojong wetan , Bojong",
191,180,1,3308092008,"Legoksari , Bojong",
192,181,23,3308092008,"Kalangan , Bojong",
193,182,1,3308092008,"Kalangan , Bojong",
194,183,1,3308092008,"Kalangan , Bojong",
195,184,1,3308092008,"Kalangan , Bojong",
196,185,1,3308092008,"Kalangan , Bojong",
197,186,3,3308092008,Bojong ,
198,187,24,3308092008,Pasar Ikan Bojong,
199,188,24,3308092008,Pasar Ikan Bojong,
200,189,24,3308092008,Pasar Ikan Bojong,
201,190,24,3308092008,Pasar Ikan Bojong,
202,191,24,3308092008,Pasar Ikan Bojong,
203,192,24,3308092008,Pasar Ikan Bojong,
204,193,24,3308092008,Pasar Ikan Bojong,
205,153,24,3308092008,Pasar Ikan Bojong,
206,194,25,3308092008,Pasar Ikan Bojong,
207,195,25,3308092008,Pasar Ikan Bojong,
208,196,25,3308092008,Pasar Ikan Bojong,
209,197,25,3308092008,Pasar Ikan Bojong,
210,198,25,3308092008,Pasar Ikan Bojong,
211,199,1,3308092008,"Jarakan , Bojong, Mungkid",
212,86,25,3308092008,Pasar Ikan Bojong,
213,200,25,3308092008,Pasar Ikan Bojong,
214,201,22,3308092008,"Jarakan , Bojong, Mungkid",
215,202,22,3308092008,"Jarakan , Bojong, Mungkid",
216,203,1,3308092008,"Jarakan , Bojong, Mungkid",
217,204,22,3308092008,"Jarakan , Bojong, Mungkid",
218,205,1,3308092008,"Jarakan , Bojong, Mungkid",
219,206,16,3308092008,"Jarakan , Bojong, Mungkid",
220,207,1,3308092008,"Legoksari , Bojong",
221,202,1,3308092008,"Legoksari , Bojong",
222,208,1,3308092008,"Legoksari , Bojong",
223,209,1,3308092008,"Legoksari , Bojong",
224,210,1,3308092008,"Legoksari , Bojong",
225,211,1,3308092015,"Sudimoro , Gondang",
226,212,1,3308092015,"Calengan , Gondang",
227,213,1,3308092015,"Calengan , Gondang",
228,214,1,3308092015,"Gondang , Gondang",
229,215,1,3308092015,"Gondang , Gondang",
230,216,1,3308092015,"Gondang , Gondang",
231,217,3,3308092015,"Gondang , Gondang",
232,218,1,3308092015,"Calengan , Gondang",
233,219,1,3308092015,"Gondang , Gondang",
234,220,1,3308092015,"Gondang , Gondang",
235,221,1,3308092015,"Kramat , Gondang",
236,222,1,3308092015,"Kramat , Gondang",
237,223,1,3308092015,"Sembungan , Gondang",
238,224,1,3308092015,"Sembungan , Gondang",
239,153,17,3308092015,"Kramat , Gondang",
240,225,1,3308092015,"Kramat , Gondang",
241,226,26,3308092014,"Ngrandon , Senden",
242,227,1,3308092014,"Kempulan , Senden",
243,228,1,3308092014,"Kempulan , Senden",
244,229,19,3308092014,"Bangsan , Senden",
245,223,26,3308092014,"Bangsan , Senden",
246,230,20,3308092014,"Bangsan , Senden",
247,231,1,3308092014,"Butuh , Senden",
248,232,3,3308092014,Senden,
249,233,26,3308092014,Senden,
250,234,26,3308092014,Senden,
251,235,1,3308092014,"Butuh , Senden",
252,236,1,3308092014,"Butuh , Senden",
253,237,1,3308092014,"Butuh , Senden",
254,238,26,3308092014,"Butuh , Senden",
255,239,20,3308092010,"Blabak , Mungkid",
256,240,4,3308092010,"Sirat , Mungkid",
257,241,27,3308092010,"Sirat , Mungkid",
258,242,1,3308092010,"Sirat , Mungkid",
259,243,1,3308092010,"Jetak I , Mungkid",
260,244,1,3308092010,"Jetak I , Mungkid",
261,245,18,3308092010,"Jetak I , Mungkid",
262,246,20,3308092010,"Jetak II , Mungkid",
263,247,1,3308092010,"Jetak II , Mungkid",
264,248,26,3308092010,"Jetak II , Mungkid",
265,249,1,3308092010,"Jetak II , Mungkid",
266,250,1,3308092010,"Blabak , Mungkid",
267,251,1,3308092010,"Blabak , Mungkid",
268,252,1,3308092010,"Sanggrahan , Mungkid",
269,253,20,3308092010,"Blabak , Mungkid",
270,254,1,3308092010,"Klodran , Mungkid",
271,255,1,3308092010,"Klodran , Mungkid",
272,256,20,3308092010,"Klodran , Mungkid",
273,257,1,3308092010,"Klodran , Mungkid",
274,258,1,3308092010,"Klodran , Mungkid",
275,259,3,3308092010,Mungkid,
276,260,20,3308092010,Jl Raya Blabak km 9,
277,261,18,3308092010,Jl Raya Palbapang km 01,
278,262,28,3308092010,"Citrah , Mungkid",
279,41,29,3308092010,Jl Raya Blabak,
280,263,1,3308092010,"Blabak , Mungkid",
281,264,1,3308092010,"Blabak , Mungkid",
282,265,1,3308092010,"Blabak , Mungkid",
283,266,1,3308092010,"Blabak , Mungkid",
284,267,16,3308092010,Mungkid I,
285,255,16,3308092010,Mungkid I,
286,268,16,3308092010,Mungkid I,
287,269,2,3308092010,Mungkid I,
288,270,1,3308092010,Mungkid II,
289,271,1,3308092010,Mungkid II,
290,272,1,3308092010,Mungkid II,
291,273,2,3308092010,Mungkid II,
292,274,2,3308092010,"Rejosari , Mungkid",
293,275,1,3308092010,"Rejosari , Mungkid",
294,276,1,3308092010,"Rejosari , Mungkid",
295,277,19,3308092006,"Paremono , Mungkid",
296,278,1,3308092006,"Paremono , Mungkid",
297,279,1,3308092006,"Gamol , Paremono",
298,280,1,3308092006,"Gamol , Paremono",
299,261,1,3308092006,"Paremono , Mungkid",
300,281,1,3308092006,"Paremono , Mungkid",
301,282,1,3308092006,"Paremono , Mungkid",
302,283,1,3308092006,"Paremono , Mungkid",
303,284,20,3308092006,"Paremono , Mungkid",
304,285,3,3308092006,"Paremono , Mungkid",
305,277,18,3308092006,"Ngangkrah , Paremono",
306,286,1,3308092006,"Ngangkrah , Paremono",
307,287,1,3308092006,"Gamol , Paremono",
308,288,1,3308092006,"Paremono , Mungkid",
309,289,1,3308092006,"Paremono , Mungkid",
310,290,1,3308092006,"Paremono , Mungkid",
311,291,20,3308092006,"Paremono , Mungkid",
312,292,1,3308092007,"Selak , Pabelan",
313,293,1,3308092007,"Selak , Pabelan",
314,294,3,3308092007,Pabelan,
315,295,30,3308092008,"Keprekan , Bojong",
316,296,1,3308092007,"Tangkilan , Pabelan",
317,297,1,3308092007,"Tangkilan , Pabelan",
318,298,1,3308092007,"Tangkilan , Pabelan",
319,299,30,3308092007,Pabelan,
320,300,4,3308092007,Pabelan,
321,301,31,3308092007,"Batikan, Pabelan",
322,302,30,3308092007,"Batikan, Pabelan",
323,303,32,3308092007,"Kalangan , Pabelan",
324,304,1,3308092007,"Kalangan , Pabelan",
325,305,1,3308092007,"Kalangan , Pabelan",
326,306,33,3308092007,"Kalangan , Pabelan",
327,307,1,3308092007,Pabelan 4,
328,308,1,3308092007,Pabelan 4,
329,309,1,3308092007,Pabelan 4,
330,310,1,3308092007,Pabelan 4,
331,311,1,3308092007,Pabelan 4,
332,312,1,3308092007,"Blangkonan  , Pabelan",
333,313,1,3308092007,Pabelan 1,
334,314,1,3308092007,Pabelan 1,
335,315,34,3308092007,"Selak , Pabelan",
336,316,1,3308092007,"Selak , Pabelan",
337,317,35,3308092007,"Selak , Pabelan",
338,318,35,3308092007,"Selak , Pabelan",
339,319,36,3308092007,"Selak , Pabelan",
340,320,35,3308092007,"Selak , Pabelan",
341,321,35,3308092007,"Selak , Pabelan",
342,322,1,3308092007,Pabelan 1,
343,323,1,3308092007,Pabelan 1,
344,324,1,3308092007,Pabelan 1,
345,325,36,3308092007,Pabelan 1,
346,326,1,3308092007,Pabelan 3,
347,327,37,3308092007,Pabelan 3,
348,328,1,3308092007,Pabelan 2,
349,329,1,3308092007,Pabelan 3,
350,267,1,3308092007,Pabelan 1,
351,330,1,3308092007,Pabelan 4,
352,331,1,3308092007,Pabelan 4,
353,332,1,3308092007,Pabelan 3,
354,333,36,3308092007,Pabelan 3,
355,334,1,3308092007,Pabelan 3,
356,335,1,3308092007,"Selak , Pabelan",
357,336,1,3308092007,"Selak , Pabelan",
358,337,1,3308092007,"Selak , Pabelan",
359,338,1,3308092007,"Selak , Pabelan",
360,339,1,3308092007,"Selak , Pabelan",
361,340,1,3308092007,"Jagalan , Pabelan",
362,341,1,3308092007,"Jagalan , Pabelan",
363,342,1,3308092007,"Jagalan , Pabelan",
364,343,1,3308092007,"Jagalan , Pabelan",
365,344,1,3308092007,"Batikan , Pabelan",
366,345,1,3308092007,"Batikan , Pabelan",
367,346,1,3308092007,"Batikan , Pabelan",
368,347,30,3308092007,"Batikan , Pabelan",
369,348,1,3308092007,"Batikan , Pabelan",
370,349,11,3308092007,"Batikan , Pabelan",
371,350,11,3308092007,"Batikan , Pabelan",
372,351,1,3308092007,"Blangkonan  , Pabelan",
373,352,1,3308092007,"Blangkonan  , Pabelan",
374,353,37,3308092007,"Blangkonan  , Pabelan",
375,354,1,3308092007,"Blangkonan  , Pabelan",
376,355,1,3308092007,"Batikan , Pabelan",
377,356,1,3308092007,"Batikan , Pabelan",
378,357,30,3308092007,"Batikan , Pabelan",
379,358,36,3308092007,"Batikan , Pabelan",
380,359,1,3308092007,"Batikan , Pabelan",
381,360,1,3308092007,"Batikan , Pabelan",
382,361,1,3308092007,"Batikan , Pabelan",
383,362,16,3308092007,"Batikan , Pabelan",
384,363,16,3308092007,"Batikan , Pabelan",
385,364,1,3308092007,"Batikan , Pabelan",
386,138,2,3308092007,"Batikan , Pabelan",
387,141,2,3308092007,"Batikan , Pabelan",
388,365,1,3308092007,"Batikan , Pabelan",
389,366,2,3308092007,"Batikan , Pabelan",
390,367,1,3308092007,"Batikan , Pabelan",
391,368,1,3308092007,"Batikan , Pabelan",
392,369,16,3308092007,"Batikan , Pabelan",
393,370,1,3308092007,"Batikan , Pabelan",
394,371,1,3308092007,"Batikan , Pabelan",
395,372,1,3308092002,"Ngrajek  , Mungkid ",
396,373,1,3308092002,"Ngrajek  , Mungkid ",
397,374,1,3308092002,"Ngrajek  , Mungkid ",
398,375,1,3308092002,"Ngrajek  , Mungkid ",
399,376,1,3308092002,"Ngrajek  , Mungkid ",
400,377,1,3308092002,"Ngrajek  , Mungkid ",
401,378,3,3308092002,"Ngrajek  , Mungkid ",
402,379,1,3308092002,"Ngrajek  , Mungkid ",
403,380,1,3308092002,"Ngrajek  , Mungkid ",
404,381,1,3308092002,"Ngrajek  , Mungkid ",
405,382,1,3308092002,"Ngrajek  , Mungkid ",
406,383,1,3308092002,"Ngrajek  , Mungkid ",
407,384,1,3308092002,"Ngrajek  , Mungkid ",
408,385,1,3308092002,"Ngrajek  , Mungkid ",
409,386,1,3308092002,"Ngrajek  , Mungkid ",
410,387,1,3308092002,"Ngrajek  , Mungkid ",
411,388,20,3308092001,"Srowol , Progowati",
412,389,19,3308092001,"Srowol , Progowati",
413,390,20,3308092001,"Srowol , Progowati",
414,391,1,3308092001,"Srowol , Progowati",
415,392,1,3308092001,"Srowol , Progowati",
416,393,1,3308092001,"Srowol , Progowati",
417,394,1,3308092001,"Paren , Progowati",
418,395,1,3308092001,"Paren , Progowati",
419,396,1,3308092001,"Santan , Progowati",
420,153,38,3308092001,"Nariban , Progowati",
421,397,3,3308092001,Progowati,
422,398,1,3308092001,Progowati,
423,399,1,3308092001,"Santan , Progowati",
424,400,1,3308092001,"Santan , Progowati",
425,401,1,3308092001,"Paren , Progowati",
426,402,4,3308091003,"Bojong , Mendut",
427,403,4,3308091003,"Bojong , Mendut",
428,404,1,3308091003,"Bojong , Mendut",
429,405,4,3308091003,"Bojong , Mendut",
430,406,19,3308091003,"Mendut 2 , Mendut",
431,407,1,3308091003,"Mendut 2 , Mendut",
432,408,1,3308091003,"Mendut 3 , Mendut",
433,409,1,3308091003,"Mendut 3 , Mendut",
434,410,1,3308091003,"Mendut 2 , Mendut",
435,411,1,3308091003,"Mendut 2 , Mendut",
436,412,1,3308091003,"Mendut , Mendut",
437,413,19,3308091003,"Bojong , Mendut",
438,414,1,3308091003,"Bojong , Mendut",
439,415,20,3308091003,"Mendut , Mendut",
440,416,3,3308091003,"Mendut , Mendut",
441,417,19,3308091003,"Mendut , Mendut",
442,418,20,3308091003,"Mendut , Mendut",
443,419,1,3308091003,"Mendut , Mendut",
444,420,1,3308091004,"Sawitan , Mungkid",
445,421,1,3308091004,"Sawitan , Mungkid",
446,422,1,3308091004,"Sawitan , Mungkid",
447,423,1,3308091004,"Sawitan , Mungkid",
448,424,19,3308091004,"Sawitan , Mungkid",
449,425,1,3308091004,"Sawitan , Mungkid",
450,426,1,3308091004,"Sawitan , Mungkid",
451,427,1,3308091004,"Sawitan , Mungkid",
452,428,3,3308091004,"Sawitan , Mungkid",
453,429,1,3308091004,"Sawitan , Mungkid",
454,430,20,3308091004,"Sawitan , Mungkid",
455,431,1,3308091004,"Sawitan , Mungkid",
456,432,1,3308091004,"Sawitan , Mungkid",
457,433,1,3308091004,"Sawitan , Mungkid",
458,434,1,3308091004,"Sawitan , Mungkid",
459,435,1,3308091004,"Sawitan , Mungkid",
460,250,18,3308022010,"Borepan , Wanurejo",
461,436,1,3308022010,"Borepan , Wanurejo",
462,437,1,3308022010,"Jowahan  , Wanurejo",
463,438,1,3308022010,"Borepan , Wanurejo",
464,439,16,3308022010,"Bejen , Wanurejo",
465,440,16,3308022010,"Tingal , Wanurejo",
466,441,1,3308022010,"Tingal , Wanurejo",
467,442,1,3308022010,"Tingal , Wanurejo",
468,443,36,3308022010,"Tingal , Wanurejo",
469,444,1,3308022010,"Brojonalan, Wanurejo",
470,302,1,3308022010,"Brojonalan, Wanurejo",
471,445,1,3308022010,"Brojonalan, Wanurejo",
472,446,1,3308022010,"Brojonalan, Wanurejo",
473,447,1,3308022010,"Brojonalan, Wanurejo",
474,448,18,3308022010,"Brojonalan, Wanurejo",
475,241,39,3308022010,"Tingal kulon , Wanurejo",
476,449,1,3308022010,"Bejen , Wanurejo",
477,450,1,3308022010,"Gedongan , Wanurejo",
478,451,1,3308022010,"Gedongan , Wanurejo",
479,452,1,3308022010,"Gedongan , Wanurejo",
480,453,1,3308022010,"Gedongan , Wanurejo",
481,454,1,3308022013,"Karang, Tanjungsari",
482,455,40,3308022013,"Karang, Tanjungsari",
483,456,1,3308022013,"Banjaran 2 , Karanganyar",
484,457,1,3308022013,"Banjaran 1 , Karanganyar",
485,458,1,3308022013,"Klipo , Karanganyar",
486,459,16,3308022013,"Banjaran 1 , Karanganyar",
487,460,16,3308022013,"Banjaran 1 , Karanganyar",
488,461,1,3308022013,"Banjaran 1 , Karanganyar",
489,462,1,3308022013,"Ngunden, Karanganyar",
490,463,3,3308022013,Karanganyar,
491,464,16,3308022013,"Ngunden, Karanganyar",
492,465,1,3308022013,"Ngunden, Karanganyar",
493,466,20,3308022013,"Ngunden, Karanganyar",
494,467,1,3308022013,"Ngunden, Karanganyar",
495,468,41,3308022013,"Ngunden, Karanganyar",
496,469,16,3308022013,"Banjaran 1 , Karanganyar",
497,470,1,3308022002,"Kamal , Giritengah",
498,471,2,3308022002,"Kamal , Giritengah",
499,472,1,3308022002,"Kamal , Giritengah",
500,473,1,3308022002,"Ngaglik , Giritengah",
501,474,1,3308022002,"Ngaglik , Giritengah",
502,475,2,3308022002,"Ngaglik , Giritengah",
503,476,2,3308022002,"Ngaglik , Giritengah",
504,477,2,3308022002,"Ngaglik , Giritengah",
505,478,2,3308022002,"Ngaglik , Giritengah",
506,479,1,3308022002,"Gedang sambu , Giritengah",
507,480,1,3308022002,"Gedang sambu , Giritengah",
508,481,1,3308022002,"Gedang sambu , Giritengah",
509,482,1,3308022002,"Gedang sambu , Giritengah",
510,483,1,3308022002,"Nggosoro, Giritengah",
511,484,2,3308022002,"Nggosoro, Giritengah",
512,485,42,3308022002,"Nggosoro, Giritengah",
513,486,42,3308022002,"Nggosoro, Giritengah",
514,487,2,3308022002,"Nggosoro, Giritengah",
515,488,1,3308022002,"Nggosoro, Giritengah",
516,489,2,3308022002,"Nggosoro, Giritengah",
517,490,16,3308022002,"Mijil , Giritengah",
518,490,1,3308022002,"Mijil , Giritengah",
519,491,2,3308022002,"Mijil , Giritengah",
520,491,1,3308022002,"Mijil , Giritengah",
521,492,1,3308022002,Giri Tengah,
522,493,3,3308022002,Giri Tengah,
523,494,2,3308022002,"Mijil , Giritengah",
524,495,1,3308022002,"Mijil , Giritengah",
525,496,1,3308022002,"Mijil , Giritengah",
526,229,43,3308022002,"Mijil , Giritengah",
527,497,18,3308022002,"Mijil , Giritengah",
528,498,1,3308022002,"Mijil , Giritengah",
529,499,2,3308022002,"Mijil , Giritengah",
530,500,43,3308022002,"Mijil , Giritengah",
531,501,1,3308022002,"Mijil , Giritengah",
532,502,16,3308022012,"Nampang , Tanjungsari",
533,502,44,3308022012,"Nampang , Tanjungsari",
534,503,1,3308022012,"Nampang , Tanjungsari",
535,504,1,3308022012,"Nampang , Tanjungsari",
536,505,32,3308022012,"Tanjungsari , Tanjungsari",
537,505,1,3308022012,"Tanjungsari , Tanjungsari",
538,506,23,3308022012,"Tanjungsari , Tanjungsari",
539,507,45,3308022012,"Tanjungsari , Tanjungsari",
540,508,1,3308022012,"Tanjungsari , Tanjungsari",
541,509,36,3308022012,"Tanjungsari , Tanjungsari",
542,510,1,3308022012,"Tanjungsari , Tanjungsari",
543,511,3,3308022012,Giri Tengah,
544,512,18,3308022012,"Brongkol , Tanjungsari",
545,513,16,3308022012,"Brongkol , Tanjungsari",
546,514,1,3308022012,"Mendalan, Tanjungsari",
547,515,1,3308022003,"Ganjuran 1 , Tuksongo",
548,516,6,3308022003,"Ganjuran 1 , Tuksongo",
549,517,20,3308022003,"Ganjuran 1 , Tuksongo",
550,518,18,3308022003,"Ganjuran 1 , Tuksongo",
551,519,1,3308022003,"Ganjuran 2 , Tuksongo",
552,520,1,3308022003,"Ganjuran 2 , Tuksongo",
553,521,1,3308022003,"Ganjuran 2 , Tuksongo",
554,327,16,3308022003,"Ganjuran 2 , Tuksongo",
555,522,2,3308022003,"Kusuman 1 , Tuksongo",
556,523,2,3308022003,"Kusuman 1 , Tuksongo",
557,524,2,3308022003,"Kusuman 1 , Tuksongo",
558,525,1,3308022003,"Kusuman 1 , Tuksongo",
559,526,2,3308022003,"Kusuman 1 , Tuksongo",
560,125,45,3308022003,"Ganjuran 1 , Tuksongo",
561,527,1,3308022003,"Ganjuran 1 , Tuksongo",
562,524,1,3308022003,"Ganjuran 1 , Tuksongo",
563,528,18,3308022003,"Tuksongo 2 , Tuksongo",
564,529,46,3308022003,"Tuksongo 2 , Tuksongo",
565,530,1,3308022003,"Tuksongo 2 , Tuksongo",
566,531,1,3308022003,"Tuksongo 2 , Tuksongo",
567,181,1,3308022003,"Tuksongo 2 , Tuksongo",
568,532,1,3308022003,"Puton , Tuksongo",
569,533,2,3308022003,"Puton , Tuksongo",
570,534,2,3308022003,"Ganjuran 1 , Tuksongo",
571,534,1,3308022003,"Ganjuran 1 , Tuksongo",
572,535,1,3308022003,"Tuksongo  , Tuksongo",
573,536,3,3308022003,"Tuksongo  , Tuksongo",
574,537,1,3308022003,"Tuksongo  , Tuksongo",
575,538,1,3308022003,"Ganjuran 2 , Tuksongo",
576,539,1,3308022003,"Ganjuran 2 , Tuksongo",
577,540,2,3308022003,"Kusuman 1 , Tuksongo",
578,50,2,3308022003,"Puton , Tuksongo",
579,541,45,3308022003,"Tuksongo  , Tuksongo",
580,542,1,3308022003,"Tuksongo  , Tuksongo",
581,543,2,3308022003,"Kusuman 1 , Tuksongo",
582,544,20,3308022011,Jl Bumi Sambhara no 9,
583,545,1,3308022011,"Gendingan, Borobudur",
584,546,1,3308022011,Jl Medan Kamulan,
585,547,1,3308022011,Jl Badrawati,
586,548,1,3308022011,"Ngaran 1 , Borobudur",
587,501,47,3308022011,"Ngaran 1 , Borobudur",
588,366,1,3308022011,"Ngaran 1 , Borobudur",
589,549,20,3308022011,"Ngaran 2 , Borobudur",
590,550,1,3308022011,"Ngaran 2 , Borobudur",
591,551,1,3308022011,"Ngaran 2 , Borobudur",
592,552,45,3308022011,"Ngaran 2 , Borobudur",
593,553,1,3308022011,"Nggopalan , Borobudur",
594,554,20,3308022011,"Nggopalan , Borobudur",
595,555,1,3308022011,"Bumi Segoro , Borobudur",
596,556,1,3308022011,"Bumi Segoro , Borobudur",
597,319,1,3308022011,"Bumi Segoro , Borobudur",
598,557,1,3308022011,"Bumi Segoro , Borobudur",
599,558,1,3308022011,"Bumi Segoro , Borobudur",
600,559,1,3308022011,"Kujon , Borobudur",
601,560,48,3308022011,"Jl Daranindra , Borobudur",
602,561,48,3308022011,"Jl Daranindra , Borobudur",
603,562,1,3308022011,"Kenayan , Borobudur",
604,563,1,3308022011,"Wringin Putih , Borobudur",
605,241,49,3308022011,"Kenayan , Borobudur",
606,564,1,3308022011,"Bogowati , Borobudur",
607,565,1,3308022011,Jl Syailendra Raya,
608,566,1,3308022011,Jl Syailendra Raya,
609,567,3,3308022011,Borobudur,
610,568,1,3308022011,Jl Syailendra Raya,
611,569,4,3308022011,Jl Syailendra Raya,
612,570,1,3308022011,Jl Syailendra Raya,
613,571,1,3308022011,Jl Syailendra Raya,
614,572,28,3308022011,Jl Pramudyawardhani,
615,573,1,3308022011,Jl Pramudyawardhani,
616,574,1,3308022011,Jl Syailendra Raya,
617,575,1,3308022011,Jl Syailendra Raya,
618,358,1,3308022020,"Sigug , Bumiharjo",
619,576,1,3308022020,"Sigug , Bumiharjo",
620,577,1,3308022020,"Sigug , Bumiharjo",
621,578,1,3308022020,"Sigug , Bumiharjo",
622,579,10,3308022020,"Sigug , Bumiharjo",
623,580,1,3308022020,"Sigug , Bumiharjo",
624,581,3,3308022020,Bumiharjo,
625,582,1,3308022020,"Sigug , Bumiharjo",
626,583,1,3308022020,"Sigug , Bumiharjo",
627,584,1,3308022020,"Sigug , Bumiharjo",
628,585,1,3308022020,"Sigug , Bumiharjo",
629,586,1,3308022020,"Sigug , Bumiharjo",
630,587,50,3308022020,"Sigug , Bumiharjo",
631,588,1,3308022020,"Sigug , Bumiharjo",
632,85,1,3308022020,"Sigug , Bumiharjo",
633,589,1,3308022020,"Sigug , Bumiharjo",
634,590,20,3308022020,"Sigug , Bumiharjo",
635,591,1,3308022019,"Kanggan , Wringinputih",
636,49,20,3308022019,"Brongsongan , Wringinputih",
637,592,32,3308022019,"Brongsongan , Wringinputih",
638,592,1,3308022019,"Brongsongan , Wringinputih",
639,593,1,3308022019,"Bojong , Wringinputih",
640,594,51,3308022019,"Karang Malang, Wringinputih",
641,595,1,3308022019,"Karang Malang, Wringinputih",
642,596,1,3308022019,"Bojong , Wringinputih",
643,453,16,3308022019,"Gentan , Wringinputih",
644,597,16,3308022019,"Gentan , Wringinputih",
645,598,1,3308022019,"Gentan , Wringinputih",
646,599,1,3308022019,"Gentan , Wringinputih",
647,600,1,3308022019,"Kiyudan , Wringinputih",
648,601,1,3308022019,"Kiyudan , Wringinputih",
649,602,1,3308022019,"Kiyudan , Wringinputih",
650,603,1,3308022019,"Brongsongan , Wringinputih",
651,604,1,3308022019,"Brongsongan , Wringinputih",
652,605,1,3308022019,"Brongsongan , Wringinputih",
653,606,18,3308022019,"Brongsongan , Wringinputih",
654,607,18,3308022019,"Brongsongan , Wringinputih",
655,608,1,3308022019,"Jetis gayu, Wringinputih",
656,609,1,3308022019,"Jetis gayu, Wringinputih",
657,610,1,3308022019,"Pasar  gayu, Wringinputih",
658,611,1,3308022019,"Pasar  gayu, Wringinputih",
659,612,3,3308022019,Wringinputih,
660,613,1,3308022019,Wringinputih,
661,614,18,3308022019,"Jetis gayu, Wringinputih",
662,615,27,3308022019,"Jetis gayu, Wringinputih",
663,616,1,3308022019,"Jetis gayu, Wringinputih",
664,617,1,3308022019,"Karangjati, Wringinputih",
665,618,18,3308022019,"Karangjati, Wringinputih",
666,619,1,3308022019,"Jetis gayu, Wringinputih",
667,620,1,3308022019,"Pasar  gayu, Wringinputih",
668,621,16,3308022019,"Pasar  gayu, Wringinputih",
669,622,16,3308022019,"Pasar  gayu, Wringinputih",
670,365,16,3308022019,"Jetis gayu, Wringinputih",
671,623,16,3308022019,"Jetis gayu, Wringinputih",
672,624,1,3308022019,"Jetis gayu, Wringinputih",
673,625,16,3308022019,"Jetis gayu, Wringinputih",
674,626,1,3308022018,"Gombong , Kembanglimus",
675,627,1,3308022018,"Gombong , Kembanglimus",
676,628,1,3308022018,"Bugelan , Kembanglimus",
677,629,20,3308022018,"Bugelan , Kembanglimus",
678,630,52,3308022018,"Bugelan , Kembanglimus",
679,631,1,3308022018,"Bugelan , Kembanglimus",
680,632,37,3308022018,"Ngasinan , Kembanglimus",
681,633,3,3308022018,Kembanglimus,
682,634,1,3308022018,Kembanglimus,
683,635,1,3308022018,"Bumen , Kembanglimus",
684,636,1,3308022018,"Bumen , Kembanglimus",
685,637,1,3308022018,"Jetis , Kembanglimus",
686,638,1,3308022018,"Bumen , Kembanglimus",
687,639,1,3308022018,"Bumen , Kembanglimus",
688,640,18,3308022018,"Jetis , Kembanglimus",
689,641,1,3308022008,"Kerekan , Candirejo",
690,642,37,3308022008,"Kerekan , Candirejo",
691,643,1,3308022008,"Pucungan , Candirejo",
692,644,1,3308022008,"Kaliduren , Candirejo",
693,192,1,3308022008,"Kaliduren , Candirejo",
694,645,1,3308022008,"Sangen , Candirejo",
695,646,1,3308022008,"Kaliduren , Candirejo",
696,647,27,3308022008,"Brangkal , Candirejo",
697,648,1,3308022008,"Sangen , Candirejo",
698,649,1,3308022008,"Brangkal , Candirejo",
699,650,18,3308022008,"Sangen , Candirejo",
700,651,1,3308022008,"Sangen , Candirejo",
701,652,1,3308022008,"Sangen , Candirejo",
702,653,1,3308022008,"Sangen , Candirejo",
703,653,53,3308022008,"Sangen , Candirejo",
704,654,1,3308022008,"Sangen , Candirejo",
705,655,2,3308022008,"Kedungombo , Candirejo",
706,656,1,3308022008,"Mangundadi , Candirejo",
707,657,1,3308022008,"Pucungan , Candirejo",
708,658,1,3308022008,"Pucungan , Candirejo",
709,659,1,3308022008,"Pucungan , Candirejo",
710,660,1,3308022008,"Pucungan , Candirejo",
711,661,1,3308022008,"Pucungan , Candirejo",
712,662,54,3308022008,"Pucungan , Candirejo",
713,663,1,3308022008,"Kaliduren , Candirejo",
714,664,3,3308022008,Candirejo,
715,665,1,3308022008,"Kedungombo , Candirejo",
716,666,1,3308022008,"Kedungombo , Candirejo",
717,667,1,3308022008,"Kedungombo , Candirejo",
718,668,1,3308022008,"Kedungombo , Candirejo",
719,669,1,3308022008,"Kedungombo , Candirejo",
720,670,1,3308022008,"Kaliduren , Candirejo",
721,671,1,3308022008,"Kaliduren , Candirejo",
722,672,1,3308022008,"Kaliduren , Candirejo",
723,673,1,3308022008,"Kaliduren , Candirejo",
724,674,1,3308022008,"Kaliduren , Candirejo",
725,675,1,3308022008,"Kaliduren , Candirejo",
726,676,1,3308022008,"Kedungombo , Candirejo",
727,677,1,3308022008,"Kedungombo , Candirejo",
728,678,1,3308022008,"Kedungombo , Candirejo",
729,679,1,3308022008,"Kedungombo , Candirejo",
730,680,1,3308022008,"Kedungombo , Candirejo",
731,681,1,3308022007,"Gleyoran ,Sambeng",
732,682,55,3308022007,"Gleyoran ,Sambeng",
733,683,55,3308022007,"Gleyoran ,Sambeng",
734,684,1,3308022007,Sambeng,
735,685,56,3308022007,Sambeng 1,
736,62,55,3308022007,Sambeng 2,
737,686,53,3308022007,Sambeng 2,
738,687,1,3308022007,Sambeng 2,
739,688,1,3308022007,Sambeng 1,
740,689,1,3308022007,Sambeng 1,
741,690,53,3308022007,"Kedugan ,Sambeng",
742,691,3,3308022007,Sambeng,
743,692,1,3308022007,"Kedugan ,Sambeng",
744,693,1,3308022007,"Kedugan ,Sambeng",
745,694,1,3308022007,"Kedugan ,Sambeng",
746,695,1,3308022007,"Kedugan ,Sambeng",
747,696,1,3308022006,"Sumberrejo , Bigaran",
748,697,1,3308022006,"Wonojoyo , Bigaran",
749,230,1,3308022006,"Wonojoyo , Bigaran",
750,229,1,3308022006,"Wonojoyo , Bigaran",
751,698,1,3308022006,"Wonojoyo , Bigaran",
752,699,1,3308022006,"Karangsari , Bigaran",
753,700,1,3308022006,"Karangsari , Bigaran",
754,701,1,3308022006,"Karangsari , Bigaran",
755,702,1,3308022006,"Sumberrejo , Bigaran",
756,703,1,3308022006,"Sumberrejo , Bigaran",
757,704,1,3308022006,"Karangsari , Bigaran",
758,705,1,3308022006,"Karangsari , Bigaran",
759,706,1,3308022006,"Wonojoyo , Bigaran",
760,707,1,3308022006,"Wonojoyo , Bigaran",
761,708,3,3308022006,Bigaran,
762,709,56,3308022005,"Nalan , Kenalan",
763,709,53,3308022005,"Nalan , Kenalan",
764,710,56,3308022005,"Nalan , Kenalan",
765,711,16,3308022005,"Nalan , Kenalan",
766,712,1,3308022005,"Nalan , Kenalan",
767,713,53,3308022005,"Nalan , Kenalan",
768,714,1,3308022005,"Nalan , Kenalan",
769,715,3,3308022005,Kenalan,
770,716,2,3308022005,"Nalan , Kenalan",
771,396,2,3308022005,"Nalan , Kenalan",
772,717,2,3308022005,"Nalan , Kenalan",
773,718,57,3308022005,"Nalan , Kenalan",
774,631,2,3308022005,"Kemloko , Kenalan",
775,719,1,3308022005,"Kemloko , Kenalan",
776,720,2,3308022005,"Kemloko , Kenalan",
777,721,57,3308022005,"Nalan , Kenalan",
778,722,1,3308022004,"Krajan 1 , Majaksingi",
779,723,1,3308022004,"Krajan 1 , Majaksingi",
780,724,58,3308022004,"Krajan 1 , Majaksingi",
781,725,1,3308022004,"Krajan 1 , Majaksingi",
782,726,1,3308022004,"Krajan 2 , Majaksingi",
783,727,1,3308022004,"Krajan 2 , Majaksingi",
784,728,1,3308022004,"Karang Gawang , Majaksingi",
785,729,3,3308022004,Majaksingi,
786,730,1,3308022004,"Krajan 2 , Majaksingi",
787,731,1,3308022004,"Krajan 2 , Majaksingi",
788,732,1,3308022004,"Krajan 1 , Majaksingi",
789,733,2,3308022004,"Krajan 1 , Majaksingi",
790,218,2,3308022004,"Krajan 1 , Majaksingi",
791,734,2,3308022004,"Krajan 1 , Majaksingi",
792,724,59,3308022004,"Krajan 2 , Majaksingi",
793,735,1,3308022009,"Malangan , Ngargogondo",
794,736,2,3308022009,"Malangan , Ngargogondo",
795,737,1,3308022009,"Malangan , Ngargogondo",
796,738,2,3308022009,"Kujon , Ngargogondo",
797,738,1,3308022009,"Kujon , Ngargogondo",
798,739,3,3308022009,Ngargogondo,
799,740,1,3308022009,"Kuncen , Ngargogondo",
800,741,1,3308022009,"Kuncen , Ngargogondo",
801,742,1,3308022009,"Parakan , Ngargogondo",
802,743,1,3308022009,"Parakan , Ngargogondo",
803,744,1,3308022009,"Kujon , Ngargogondo",
804,745,1,3308022009,"Kujon , Ngargogondo",
805,746,2,3308022009,"Malangan , Ngargogondo",
806,747,1,3308022009,"Malangan , Ngargogondo",
807,748,2,3308022009,"Malangan , Ngargogondo",
808,749,1,3308022009,"Kuncen , Ngargogondo",
809,750,1,3308022001,"Jombor , Giripurno",
810,750,43,3308022001,"Jombor , Giripurno",
811,751,1,3308022001,"Miriombo kulon , Giripurno",
812,752,1,3308022001,"Miriombo kulon , Giripurno",
813,752,43,3308022001,"Miriombo kulon , Giripurno",
814,753,1,3308022001,"Parakan , Giripurno",
815,754,1,3308022001,"Parakan , Giripurno",
816,755,2,3308022001,"Parakan , Giripurno",
817,756,2,3308022001,"Parakan , Giripurno",
818,757,43,3308022001,"Miriombo kulon , Giripurno",
819,758,3,3308022001,Giripurno,
820,759,1,3308022001,Giripurno,
821,760,1,3308022001,Giripurno,
822,761,1,3308022001,"Parakan , Giripurno",
823,762,1,3308022001,"Miriombo kulon , Giripurno",
824,763,2,3308022001,"Parakan , Giripurno",
825,764,1,3308022001,"Miriombo kulon , Giripurno",
826,765,1,3308022015,"Ngabean, Ngadiharjo",
827,204,2,3308022015,"Ngabean, Ngadiharjo",
828,766,2,3308022015,"Karang Tengah, Ngadiharjo",
829,767,18,3308022015,"Karang Tengah, Ngadiharjo",
830,768,43,3308022015,"Karang Tengah, Ngadiharjo",
831,769,1,3308022015,"Karang Tengah, Ngadiharjo",
832,770,2,3308022015,"Ginjahan , Ngadiharjo",
833,771,1,3308022015,"Bleder , Ngadiharjo",
834,772,1,3308022015,"Bleder , Ngadiharjo",
835,773,3,3308022015,Ngadiharjo,
836,774,2,3308022015,Ngadiharjo,
837,775,1,3308022015,"Tawang sari , Ngadiharjo",
838,15,2,3308022015,"Tawang sari , Ngadiharjo",
839,776,1,3308022015,"Bleder , Ngadiharjo",
840,777,2,3308022015,"Bleder , Ngadiharjo",
841,778,2,3308022015,"Bleder , Ngadiharjo",
842,779,1,3308022015,"Bleder , Ngadiharjo",
843,780,1,3308022015,"Bleder , Ngadiharjo",
844,781,1,3308022015,"Karang Tengah, Ngadiharjo",
845,782,1,3308022016,"Dalangan , Kebonsari",
846,783,16,3308022016,"Dalangan , Kebonsari",
847,784,2,3308022016,"Gupit , Kebonsari",
848,785,1,3308022016,"Cakran , Kebonsari",
849,786,3,3308022016,Kebonsari,
850,787,1,3308022016,"Gupit , Kebonsari",
851,788,1,3308022016,"Pule , Kebonsari",
852,789,1,3308022016,"Pule , Kebonsari",
853,790,1,3308022016,"Pule , Kebonsari",
854,791,20,3308022016,"Dalangan , Kebonsari",
855,792,1,3308022016,"Dalangan , Kebonsari",
856,793,1,3308022016,"Dalangan , Kebonsari",
857,794,1,3308022016,"Dalangan , Kebonsari",
858,795,1,3308022016,"Pule , Kebonsari",
859,618,1,3308022016,"Pule , Kebonsari",
860,168,1,3308022016,"Pule , Kebonsari",
861,796,1,3308022016,"Pule , Kebonsari",
862,797,3,3308022017,Tegalarum,
863,798,1,3308022017,Tegalarum,
864,50,60,3308022017,Tegalarum,
865,799,1,3308022017,"Kedungrengit , Tegalarum",
866,398,2,3308022017,"Kedungrengit , Tegalarum",
867,800,2,3308022017,"Kedungrengit , Tegalarum",
868,801,60,3308022017,"Kedungrengit , Tegalarum",
869,802,1,3308022017,"Kedungrengit , Tegalarum",
870,803,2,3308022017,"Susukan , Tegalarum",
871,804,2,3308022017,"Susukan , Tegalarum",
872,805,1,3308022017,"Susukan , Tegalarum",
873,806,60,3308022017,"Prembulan , Tegalarum",
874,807,2,3308022017,"Prembulan , Tegalarum",
875,808,1,3308022017,"Prembulan , Tegalarum",
876,809,1,3308022017,"Susukan , Tegalarum",
877,810,1,3308022017,"Susukan , Tegalarum",
878,811,1,3308022017,"Susukan , Tegalarum",
879,812,1,3308022014,"Sendaren, Karangrejo",
880,813,1,3308022014,"Sendaren, Karangrejo",
881,814,1,3308022014,"Kurahan, Karangrejo",
882,815,16,3308022014,"Kurahan, Karangrejo",
883,816,16,3308022014,"Kurahan, Karangrejo",
884,817,2,3308022014,"Kurahan, Karangrejo",
885,818,1,3308022014,"Kurahan, Karangrejo",
886,819,1,3308022014,"Kurahan, Karangrejo",
887,820,6,3308022014,"Karang, Karangrejo",
888,821,1,3308022014,"Kretek, Karangrejo",
889,822,16,3308022014,"Kretek, Karangrejo",
890,823,1,3308022014,"Kretek, Karangrejo",
891,824,1,3308022014,"Bumen, Karangrejo",
892,825,16,3308022014,"Bumen, Karangrejo",
893,826,1,3308022014,"Kretek, Karangrejo",
894,827,1,3308022014,"Sendaren, Karangrejo",
895,828,1,3308022014,"Sendaren, Karangrejo",
896,829,1,3308022014,"Sendaren, Karangrejo",
897,812,61,3308022014,"Sendaren, Karangrejo",
898,830,3,3308022017,Tegalarum,
899,319,62,3308022014,"Brongsongan, Karangrejo",
900,571,62,3308022014,"Brongsongan, Karangrejo",
901,831,1,3308022014,"Brongsongan, Karangrejo",
902,832,1,3308022014,"Brongsongan, Karangrejo",
903,833,1,3308022014,"Brongsongan, Karangrejo",
904,834,1,3308022014,"Brongsongan, Karangrejo",
905,835,1,3308022014,"Sendaren, Karangrejo",
906,836,1,3308022014,"Sendaren, Karangrejo",
907,837,1,3308022014,"Sendaren, Karangrejo",
908,838,1,3308022014,"Sendaren, Karangrejo",
909,839,62,3308022014,"Kretek, Karangrejo",
910,834,62,3308022014,"Kretek, Karangrejo",
911,621,1,3308022014,"Kurahan, Karangrejo",
912,840,1,3308022014,"Kurahan, Karangrejo",
913,841,1,3308022014,"Kurahan, Karangrejo",
914,842,62,3308022014,"Kretek, Karangrejo",
915,843,1,3308092011,"Srikue, Ambartawang",
916,844,1,3308092011,"Srikue, Ambartawang",
917,845,1,3308092011,"Srikue, Ambartawang",
918,846,1,3308092011,"Srikue, Ambartawang",
919,847,1,3308092011,"Srikue, Ambartawang",
920,848,1,3308092011,"Srikue, Ambartawang",
921,849,63,3308092011,"Srikue, Ambartawang",
922,850,1,3308092011,"Gegunung, Ambartawang",
923,851,1,3308092011,"Gegunung, Ambartawang",
924,852,1,3308092011,"Ambartawang, Ambartawang",
925,853,1,3308092011,"Ambartawang, Ambartawang",
926,682,1,3308092011,"Ambartawang, Ambartawang",
927,130,4,3308092011,"Ambartawang, Ambartawang",
928,854,37,3308092011,"Ambartawang, Ambartawang",
929,855,1,3308092011,"Ambartawang, Ambartawang",
930,130,41,3308092011,Ruko Ambartawang,
931,856,1,3308092011,Ruko Ambartawang,
932,857,1,3308092011,Ruko Ambartawang,
933,858,64,3308092011,Ruko Ambartawang,
934,859,1,3308092011,Ruko Ambartawang,
935,860,1,3308092011,"Srikue, Ambartawang",
936,861,1,3308092011,"Srikue, Ambartawang",
937,862,1,3308092011,"Srikue, Ambartawang",
938,863,36,3308092011,"Srikue, Ambartawang",
939,864,1,3308092011,"Pajangan , Ambartawang",
940,241,1,3308092011,"Pajangan , Ambartawang",
941,865,1,3308092011,"Pajangan , Ambartawang",
942,866,1,3308092011,"Pajangan , Ambartawang",
943,867,1,3308092011,"Pajangan , Ambartawang",
944,868,1,3308092011,Ruko Ambartawang,
945,869,1,3308092011,"Kalangan, Ambartawang",
946,302,65,3308092011,"Ambartawang, Ambartawang",
947,870,1,3308092011,"Pajangan, Ambartawang",
948,871,1,3308092011,"Pajangan, Ambartawang",
949,872,1,3308092011,"Pajangan, Ambartawang",
950,873,3,3308092011,"Ambartawang, Ambartawang",
951,874,35,3308092002,"Ngemplak , Ngrajek",
952,875,35,3308092002,"Ngemplak , Ngrajek",
953,876,66,3308092002,"Ngemplak , Ngrajek",
954,877,35,3308092002,"Ngemplak , Ngrajek",
955,878,35,3308092002,"Ngemplak , Ngrajek",
956,879,1,3308092002,"Ngemplak , Ngrajek",
957,880,1,3308092002,"Ngemplak , Ngrajek",
958,881,1,3308092002,"Ngemplak , Ngrajek",
959,882,1,3308092002,"Nglaseman, Ngrajek",
960,883,1,3308092002,"Nglaseman, Ngrajek",
961,884,67,3308092002,Ngrajek 3,
962,305,67,3308092002,Ngrajek 3,
963,244,67,3308092002,Ngrajek 3,
964,222,67,3308092002,Ngrajek 3,
965,885,67,3308092002,Ngrajek 2,
966,886,67,3308092002,Ngrajek 2,
967,887,67,3308092002,Ngrajek 2,
968,888,4,3308092002,Ngrajek 3,
969,889,67,3308092002,Ngrajek 2,
970,890,1,3308092002,Ngrajek 3,
971,891,37,3308092002,"Nglaseman, Ngrajek",
972,892,4,3308092002,"Nglaseman, Ngrajek",
973,893,1,3308092002,"Ngemplak , Ngrajek",
974,894,1,3308092002,"Ngemplak , Ngrajek",
975,895,67,3308092002,Ngrajek 2,
976,15,35,3308092002,Ngrajek ,
977,896,35,3308092002,Ngrajek ,
978,897,1,3308092002,"Ngemplak , Ngrajek",
979,898,35,3308092002,"Ngemplak , Ngrajek",
980,899,1,3308092002,"Ngemplak , Ngrajek",
981,900,1,3308092002,"Ngemplak , Ngrajek",
982,901,1,3308092002,"Ngemplak , Ngrajek",
983,902,35,3308092002,Ngrajek 2,
984,903,1,3308092002,Ngrajek 3,
985,904,1,3308092002,Ngrajek 3,
986,905,1,3308092002,Ngrajek 3,
987,906,1,3308092002,Ngrajek 3,
988,907,1,3308092002,Ngrajek 2,
989,908,1,3308022017,"Susukan , Tegalarum",
990,909,18,3308022017,"Prembulan , Tegalarum",Sutejo
991,910,1,3308022017,"Prembulan , Tegalarum",Angger
992,911,1,3308022017,"Prembulan , Tegalarum",Manto
993,912,1,3308022017,"Prembulan , Tegalarum",Nunung Triana
994,913,2,3308022017,"Prembulan , Tegalarum",Rabiah
995,914,2,3308022017,"Prembulan , Tegalarum",Mariyonah
996,915,1,3308022017,"Prembulan , Tegalarum",Sundari
997,916,1,3308022017,"Prembulan , Tegalarum",Muntamah
998,917,1,3308022017,"Prembulan , Tegalarum",Sundaryati
999,918,60,3308022017,"Prembulan , Tegalarum",Zaidah
1000,919,60,3308022017,"Prembulan , Tegalarum",Ramini
1001,920,60,3308022017,"Prembulan , Tegalarum",Nurhayatun
1002,921,1,3308022017,"Susukan , Tegalarum",Sutrisno
1003,922,1,3308022017,"Susukan , Tegalarum",Tembang
1004,923,1,3308022017,"Susukan , Tegalarum",Ningrum
1005,924,1,3308022017,"Kedungrengit , Tegalarum",Fidho Lutfiana
1006,925,1,3308022017,"Tegalwangi , Tegalarum",Ifan Asat
1007,926,68,3308022017,"Susukan , Tegalarum",Tutut Ermaningrum
1008,927,1,3308022017,"Kedungrengit , Tegalarum",Toro
1009,80,2,3308022017,"Kedungrengit , Tegalarum",Sri
1010,928,1,3308022017,"Kedungrengit , Tegalarum",Tas
1011,929,70,3308022011,Pasar Borobudur,
1012,930,70,3308022011,Pasar Borobudur,
1013,931,70,3308022011,Pasar Borobudur,
1014,932,70,3308022011,Pasar Borobudur,
1015,933,70,3308022011,Pasar Borobudur,
1016,934,70,3308022011,Pasar Borobudur,
1017,935,70,3308022011,Pasar Borobudur,
1018,936,70,3308022011,Pasar Borobudur,
1019,937,70,3308022011,Pasar Borobudur,
1020,938,70,3308022011,Pasar Borobudur,
1021,939,70,3308022011,Pasar Borobudur,
1022,940,70,3308022011,Pasar Borobudur,
1023,941,70,3308022011,Pasar Borobudur,
1024,942,70,3308022011,Pasar Borobudur,
1025,943,70,3308022011,Pasar Borobudur,
1026,944,70,3308022011,Pasar Borobudur,
1027,945,70,3308022011,Pasar Borobudur,
1028,946,70,3308022011,Pasar Borobudur,
1029,947,70,3308022011,Pasar Borobudur,
1030,948,70,3308022011,Pasar Borobudur,
1031,949,70,3308022011,Pasar Borobudur,
1032,950,70,3308022011,Pasar Borobudur,
1033,951,70,3308022011,Pasar Borobudur,
1034,952,70,3308022011,Pasar Borobudur,
1035,953,70,3308022011,Pasar Borobudur,
1036,954,70,3308022011,Pasar Borobudur,
1037,955,70,3308022011,Pasar Borobudur,
1038,956,70,3308022011,Pasar Borobudur,
1039,957,70,3308022011,Pasar Borobudur,
1040,958,70,3308022011,Pasar Borobudur,
1041,959,70,3308022011,Pasar Borobudur,
1042,960,70,3308022011,Pasar Borobudur,
1043,961,70,3308022011,Pasar Borobudur,
1044,962,70,3308022011,Pasar Borobudur,
1045,963,70,3308022011,Pasar Borobudur,
1046,964,70,3308022011,Pasar Borobudur,
1047,965,70,3308022011,Pasar Borobudur,
1048,966,70,3308022011,Pasar Borobudur,
1049,967,70,3308022011,Pasar Borobudur,
1050,968,70,3308022011,Pasar Borobudur,
1051,969,70,3308022011,Pasar Borobudur,
1052,970,70,3308022011,Pasar Borobudur,
1053,971,70,3308022011,Pasar Borobudur,
1054,972,70,3308022011,Pasar Borobudur,
1055,973,70,3308022011,Pasar Borobudur,
1056,974,70,3308022011,Pasar Borobudur,
1057,975,70,3308022011,Pasar Borobudur,
1058,976,70,3308022011,Pasar Borobudur,
1059,977,70,3308022011,Pasar Borobudur,
1060,978,70,3308022011,Pasar Borobudur,
1061,979,70,3308022011,Pasar Borobudur,
1062,980,70,3308022011,Pasar Borobudur,
1063,981,70,3308022011,Pasar Borobudur,
1064,982,70,3308022011,Pasar Borobudur,
1065,983,70,3308022011,Pasar Borobudur,
1066,984,70,3308022011,Pasar Borobudur,
1067,985,70,3308022011,Pasar Borobudur,
1068,986,70,3308022011,Pasar Borobudur,
1069,987,70,3308022011,Pasar Borobudur,
1070,988,70,3308022011,Pasar Borobudur,
1071,989,70,3308022011,Pasar Borobudur,
1072,990,70,3308022011,Pasar Borobudur,
1073,991,70,3308022011,Pasar Borobudur,
1074,992,70,3308022011,Pasar Borobudur,
1075,993,70,3308022011,Pasar Borobudur,
1076,994,70,3308022011,Pasar Borobudur,
1077,995,70,3308022011,Pasar Borobudur,
1078,996,70,3308022011,Pasar Borobudur,
1079,997,70,3308022011,Pasar Borobudur,
1080,998,70,3308022011,Pasar Borobudur,
1081,999,70,3308022011,Pasar Borobudur,
1082,1000,70,3308022011,Pasar Borobudur,
1083,1001,70,3308022011,Pasar Borobudur,
1084,1002,70,3308022011,Pasar Borobudur,
1085,1003,70,3308022011,Pasar Borobudur,
1086,1004,70,3308022011,Pasar Borobudur,
1087,1005,70,3308022011,Pasar Borobudur,
1088,1006,70,3308022011,Pasar Borobudur,
1089,1007,70,3308022011,Pasar Borobudur,
1090,1008,70,3308022011,Pasar Borobudur,
1091,1009,70,3308022011,Pasar Borobudur,
1092,1010,70,3308022011,Pasar Borobudur,
1093,1011,70,3308022011,Pasar Borobudur,
1094,1012,70,3308022011,Pasar Borobudur,
1095,1013,70,3308022011,Pasar Borobudur,
1096,1014,70,3308022011,Pasar Borobudur,
1097,1015,70,3308022011,Pasar Borobudur,
1098,1016,70,3308022011,Pasar Borobudur,
1099,1017,70,3308022011,Pasar Borobudur,
1100,1018,70,3308022011,Pasar Borobudur,
1101,1019,70,3308022011,Pasar Borobudur,
1102,1020,70,3308022011,Pasar Borobudur,
1103,1021,70,3308022011,Pasar Borobudur,
1104,1022,70,3308022011,Pasar Borobudur,
1105,1023,70,3308022011,Pasar Borobudur,
1106,1024,70,3308022011,Pasar Borobudur,
1107,1025,70,3308022011,Pasar Borobudur,
1108,1026,70,3308022011,Pasar Borobudur,
1109,1027,70,3308022011,Pasar Borobudur,
1110,1028,70,3308022011,Pasar Borobudur,
1111,1029,70,3308022011,Pasar Borobudur,
1112,1030,70,3308022011,Pasar Borobudur,
1113,1031,70,3308022011,Pasar Borobudur,
1114,1032,70,3308022011,Pasar Borobudur,
1115,1033,70,3308022011,Pasar Borobudur,
1116,1034,70,3308022011,Pasar Borobudur,
1117,1035,70,3308022011,Pasar Borobudur,
1118,1036,70,3308022011,Pasar Borobudur,
1119,1037,70,3308022011,Pasar Borobudur,
1120,1038,70,3308022011,Pasar Borobudur,
1121,1039,70,3308022011,Pasar Borobudur,
1122,1040,70,3308022011,Pasar Borobudur,
1123,1041,70,3308022011,Pasar Borobudur,
1124,1042,70,3308022011,Pasar Borobudur,
1125,1043,70,3308022011,Pasar Borobudur,
1126,1044,70,3308022011,Pasar Borobudur,
1127,1045,70,3308022011,Pasar Borobudur,
1128,1046,70,3308022011,Pasar Borobudur,
1129,1047,70,3308022011,Pasar Borobudur,
1130,1048,70,3308022011,Pasar Borobudur,
1131,1049,70,3308022011,Pasar Borobudur,
1132,1050,70,3308022011,Pasar Borobudur,
1133,1051,70,3308022011,Pasar Borobudur,
1134,1052,70,3308022011,Pasar Borobudur,
1135,1053,70,3308022011,Pasar Borobudur,
1136,1054,70,3308022011,Pasar Borobudur,
1137,1055,70,3308022011,Pasar Borobudur,
1138,1056,70,3308022011,Pasar Borobudur,
1139,1057,70,3308022011,Pasar Borobudur,
1140,1058,70,3308022011,Pasar Borobudur,
1141,1059,70,3308022011,Pasar Borobudur,
1142,1060,70,3308022011,Pasar Borobudur,
1143,1061,70,3308022011,Pasar Borobudur,
1144,1062,70,3308022011,Pasar Borobudur,
1145,1063,70,3308022011,Pasar Borobudur,
1146,1064,70,3308022011,Pasar Borobudur,
1147,1065,70,3308022011,Pasar Borobudur,
1148,1066,70,3308022011,Pasar Borobudur,
1149,1067,70,3308022011,Pasar Borobudur,
1150,1068,70,3308022011,Pasar Borobudur,
1151,1069,70,3308022011,Pasar Borobudur,
1152,1070,70,3308022011,Pasar Borobudur,
1153,1071,70,3308022011,Pasar Borobudur,
1154,1072,70,3308022011,Pasar Borobudur,
1155,1073,70,3308022011,Pasar Borobudur,
1156,833,70,3308022011,Pasar Borobudur,
1157,1074,70,3308022011,Pasar Borobudur,
1158,1075,70,3308022011,Pasar Borobudur,
1159,1076,70,3308022011,Pasar Borobudur,
1160,454,70,3308022011,Pasar Borobudur,
1161,80,70,3308022011,Pasar Borobudur,
1162,1077,70,3308022011,Pasar Borobudur,
1163,634,70,3308022011,Pasar Borobudur,
1164,700,70,3308022011,Pasar Borobudur,
1165,1078,70,3308022011,Pasar Borobudur,
1166,1079,70,3308022011,Pasar Borobudur,
1167,1080,70,3308022011,Pasar Borobudur,
1168,1081,70,3308022011,Pasar Borobudur,
1169,622,70,3308022011,Pasar Borobudur,
1170,908,70,3308022011,Pasar Borobudur,
1171,1082,70,3308022011,Pasar Borobudur,
1172,1083,70,3308022011,Pasar Borobudur,
1173,1084,70,3308022011,Pasar Borobudur,
1174,1085,70,3308022011,Pasar Borobudur,
1175,1086,70,3308022011,Pasar Borobudur,
1176,1087,70,3308022011,Pasar Borobudur,
1177,1088,70,3308022011,Pasar Borobudur,
1178,1089,70,3308022011,Pasar Borobudur,
1179,1090,70,3308022011,Pasar Borobudur,
1180,1091,70,3308022011,Pasar Borobudur,
1181,1092,70,3308022011,Pasar Borobudur,
1182,1093,70,3308022011,Pasar Borobudur,
1183,1094,70,3308022011,Pasar Borobudur,
1184,1095,70,3308022011,Pasar Borobudur,
1185,1096,70,3308022011,Pasar Borobudur,
1186,1097,70,3308022011,Pasar Borobudur,
1187,1098,70,3308022011,Pasar Borobudur,
1188,1099,70,3308022011,Pasar Borobudur,
1189,1100,70,3308022011,Pasar Borobudur,
1190,667,70,3308022011,Pasar Borobudur,
1191,1101,70,3308022011,Pasar Borobudur,
1192,1102,70,3308022011,Pasar Borobudur,
1193,1103,70,3308022011,Pasar Borobudur,
1194,1104,70,3308022011,Pasar Borobudur,
1195,1105,70,3308022011,Pasar Borobudur,
1196,1106,70,3308022011,Pasar Borobudur,
1197,1107,70,3308022011,Pasar Borobudur,
1198,1108,70,3308022011,Pasar Borobudur,
1199,1109,70,3308022011,Pasar Borobudur,
1200,449,70,3308022011,Pasar Borobudur,
1201,1110,70,3308022011,Pasar Borobudur,
1202,1111,70,3308022011,Pasar Borobudur,
1203,598,70,3308022011,Pasar Borobudur,
1204,1112,70,3308022011,Pasar Borobudur,
1205,1113,70,3308022011,Pasar Borobudur,
1206,1114,70,3308022011,Pasar Borobudur,
1207,1115,70,3308022011,Pasar Borobudur,
1208,1116,70,3308022011,Pasar Borobudur,
1209,1117,70,3308022011,Pasar Borobudur,
1210,1118,70,3308022011,Pasar Borobudur,
1211,1119,70,3308022011,Pasar Borobudur,
1212,1120,70,3308022011,Pasar Borobudur,
1213,1121,70,3308022011,Pasar Borobudur,
1214,1122,70,3308022011,Pasar Borobudur,
1215,1123,70,3308022011,Pasar Borobudur,
1216,1124,70,3308022011,Pasar Borobudur,
1217,1125,70,3308022011,Pasar Borobudur,
1218,1126,70,3308022011,Pasar Borobudur,
1219,1127,70,3308022011,Pasar Borobudur,
1220,1128,70,3308022011,Pasar Borobudur,
1221,1129,70,3308022011,Pasar Borobudur,
1222,1130,70,3308022011,Pasar Borobudur,
1223,1131,70,3308022011,Pasar Borobudur,
1224,1132,70,3308022011,Pasar Borobudur,
1225,1133,70,3308022011,Pasar Borobudur,
1226,1134,70,3308022011,Pasar Borobudur,
1227,1135,70,3308022011,Pasar Borobudur,
1228,1136,70,3308022011,Pasar Borobudur,
1229,1137,70,3308022011,Pasar Borobudur,
1230,1138,70,3308022011,Pasar Borobudur,
1231,1139,70,3308022011,Pasar Borobudur,
1232,1140,70,3308022011,Pasar Borobudur,
1233,1141,70,3308022011,Pasar Borobudur,
1234,1142,70,3308022011,Pasar Borobudur,
1235,1143,70,3308022011,Pasar Borobudur,
1236,1144,70,3308022011,Pasar Borobudur,
1237,1145,70,3308022011,Pasar Borobudur,
1238,1146,70,3308022011,Pasar Borobudur,
1239,1147,70,3308022011,Pasar Borobudur,
1240,1148,70,3308022011,Pasar Borobudur,
1241,1149,70,3308022011,Pasar Borobudur,
1242,1150,70,3308022011,Pasar Borobudur,
1243,1151,70,3308022011,Pasar Borobudur,
1244,1152,70,3308022011,Pasar Borobudur,
1245,1153,70,3308022011,Pasar Borobudur,
1246,1154,70,3308022011,Pasar Borobudur,
1247,1155,70,3308022011,Pasar Borobudur,
1248,1156,70,3308022011,Pasar Borobudur,
1249,1157,70,3308022011,Pasar Borobudur,
1250,1158,70,3308022011,Pasar Borobudur,
1251,1159,70,3308022011,Pasar Borobudur,
1252,1160,70,3308022011,Pasar Borobudur,
1253,1161,70,3308022011,Pasar Borobudur,
1254,1162,70,3308022011,Pasar Borobudur,
1255,1163,70,3308022011,Pasar Borobudur,
1256,1164,70,3308022011,Pasar Borobudur,
1257,1165,70,3308022011,Pasar Borobudur,
1258,1166,70,3308022011,Pasar Borobudur,
1259,1167,70,3308022011,Pasar Borobudur,
1260,1168,70,3308022011,Pasar Borobudur,
1261,1169,70,3308022011,Pasar Borobudur,
1262,1170,70,3308022011,Pasar Borobudur,
1263,1171,70,3308022011,Pasar Borobudur,
1264,1172,70,3308022011,Pasar Borobudur,
1265,1173,70,3308022011,Pasar Borobudur,
1266,1174,70,3308022011,Pasar Borobudur,
1267,1175,70,3308022011,Pasar Borobudur,
1268,1176,70,3308022011,Pasar Borobudur,
1269,1177,70,3308022011,Pasar Borobudur,
1270,1178,70,3308022011,Pasar Borobudur,
1271,1179,70,3308022011,Pasar Borobudur,
1272,1180,70,3308022011,Pasar Borobudur,
1273,1181,70,3308022011,Pasar Borobudur,
1274,1182,70,3308022011,Pasar Borobudur,
1275,1183,70,3308022011,Pasar Borobudur,
1276,1184,70,3308022011,Pasar Borobudur,
1277,1185,70,3308022011,Pasar Borobudur,
1278,1186,70,3308022011,Pasar Borobudur,
1279,1187,70,3308022011,Pasar Borobudur,
1280,1188,70,3308022011,Pasar Borobudur,
1281,1189,70,3308022011,Pasar Borobudur,
1282,1190,70,3308022011,Pasar Borobudur,
1283,1191,70,3308022011,Pasar Borobudur,
1284,1192,70,3308022011,Pasar Borobudur,
1285,1193,70,3308022011,Pasar Borobudur,
1286,1194,70,3308022011,Pasar Borobudur,
1287,1195,70,3308022011,Pasar Borobudur,
1288,1196,70,3308022011,Pasar Borobudur,
1289,1197,70,3308022011,Pasar Borobudur,
1290,1198,70,3308022011,Pasar Borobudur,
1291,1199,70,3308022011,Pasar Borobudur,
1292,394,70,3308022011,Pasar Borobudur,
1293,1200,70,3308022011,Pasar Borobudur,
1294,1201,70,3308022011,Pasar Borobudur,
1295,1202,70,3308022011,Pasar Borobudur,
1296,697,70,3308022011,Pasar Borobudur,
1297,1203,70,3308022011,Pasar Borobudur,
1298,1204,70,3308022011,Pasar Borobudur,
1299,1205,70,3308022011,Pasar Borobudur,
1300,1206,70,3308022011,Pasar Borobudur,
1301,1207,70,3308022011,Pasar Borobudur,
1302,1208,70,3308022011,Pasar Borobudur,
1303,1209,70,3308022011,Pasar Borobudur,
1304,1210,70,3308022011,Pasar Borobudur,
1305,1211,70,3308022011,Pasar Borobudur,
1306,1212,70,3308022011,Pasar Borobudur,
1307,1213,70,3308022011,Pasar Borobudur,
1308,1214,70,3308022011,Pasar Borobudur,
1309,1215,70,3308022011,Pasar Borobudur,
1310,1216,70,3308022011,Pasar Borobudur,
1311,1217,70,3308022011,Pasar Borobudur,
1312,1218,70,3308022011,Pasar Borobudur,
1313,1219,70,3308022011,Pasar Borobudur,
1314,1220,70,3308022011,Pasar Borobudur,
1315,69,70,3308022011,Pasar Borobudur,
1316,1221,70,3308022011,Pasar Borobudur,
1317,1222,70,3308022011,Pasar Borobudur,
1318,1223,70,3308022011,Pasar Borobudur,
1319,1224,70,3308022011,Pasar Borobudur,
1320,1225,70,3308022011,Pasar Borobudur,
1321,1226,70,3308022011,Pasar Borobudur,
1322,1227,70,3308022011,Pasar Borobudur,
1323,100,70,3308022011,Pasar Borobudur,
1324,1228,70,3308022011,Pasar Borobudur,
1325,1229,70,3308022011,Pasar Borobudur,
1326,1230,70,3308022011,Pasar Borobudur,
1327,1231,70,3308022011,Pasar Borobudur,
1328,1232,70,3308022011,Pasar Borobudur,
1329,1233,70,3308022011,Pasar Borobudur,
1330,1234,70,3308022011,Pasar Borobudur,
1331,1235,70,3308022011,Pasar Borobudur,
1332,1236,70,3308022011,Pasar Borobudur,
1333,1237,70,3308022011,Pasar Borobudur,
1334,1238,70,3308022011,Pasar Borobudur,
1335,1239,70,3308022011,Pasar Borobudur,
1336,1240,70,3308022011,Pasar Borobudur,
1337,1241,70,3308022011,Pasar Borobudur,
1338,1242,70,3308022011,Pasar Borobudur,
1339,1243,70,3308022011,Pasar Borobudur,
1340,1244,70,3308022011,Pasar Borobudur,
1341,1245,70,3308022011,Pasar Borobudur,
1342,1246,70,3308022011,Pasar Borobudur,
1343,1247,70,3308022011,Pasar Borobudur,
1344,1248,70,3308022011,Pasar Borobudur,
1345,1249,70,3308022011,Pasar Borobudur,
1346,1250,70,3308022011,Pasar Borobudur,
1347,1251,70,3308022011,Pasar Borobudur,
1348,1252,70,3308022011,Pasar Borobudur,
1349,1253,70,3308022011,Pasar Borobudur,
1350,1254,70,3308022011,Pasar Borobudur,
1351,1255,70,3308022011,Pasar Borobudur,
1352,1256,70,3308022011,Pasar Borobudur,
1353,1257,70,3308022011,Pasar Borobudur,
1354,1258,70,3308022011,Pasar Borobudur,
1355,1259,70,3308022011,Pasar Borobudur,
1356,1260,70,3308022011,Pasar Borobudur,
1357,1261,70,3308022011,Pasar Borobudur,
1358,1262,70,3308022011,Pasar Borobudur,
1359,1263,70,3308022011,Pasar Borobudur,
1360,1264,70,3308022011,Pasar Borobudur,
1361,1265,70,3308022011,Pasar Borobudur,
1362,1266,70,3308022011,Pasar Borobudur,
1363,1267,70,3308022011,Pasar Borobudur,
1364,1268,70,3308092010,Pasar Mungkid,
1365,1269,70,3308092010,Pasar Mungkid,
1366,1270,70,3308092010,Pasar Mungkid,
1367,1271,70,3308092010,Pasar Mungkid,
1368,1272,70,3308092010,Pasar Mungkid,
1369,1273,70,3308092010,Pasar Mungkid,
1370,1274,70,3308092010,Pasar Mungkid,
1371,1275,70,3308092010,Pasar Mungkid,
1372,1276,70,3308092010,Pasar Mungkid,
1373,1277,70,3308092010,Pasar Mungkid,
1374,1278,70,3308092010,Pasar Mungkid,
1375,24,70,3308092010,Pasar Mungkid,
1376,1279,70,3308092010,Pasar Mungkid,
1377,1280,70,3308092010,Pasar Mungkid,
1378,1281,70,3308092010,Pasar Mungkid,
1379,1282,70,3308092010,Pasar Mungkid,
1380,1283,70,3308092010,Pasar Mungkid,
1381,1284,70,3308092010,Pasar Mungkid,
1382,1285,70,3308092010,Pasar Mungkid,
1383,1286,70,3308092010,Pasar Mungkid,
1384,1287,70,3308092010,Pasar Mungkid,
1385,1288,70,3308092010,Pasar Mungkid,
1386,1289,70,3308092010,Pasar Mungkid,
1387,1290,70,3308092010,Pasar Mungkid,
1388,15,70,3308092010,Pasar Mungkid,
1389,1291,70,3308092010,Pasar Mungkid,
1390,1292,70,3308092010,Pasar Mungkid,
1391,1293,70,3308092010,Pasar Mungkid,
1392,1294,70,3308092010,Pasar Mungkid,
1393,1295,70,3308092010,Pasar Mungkid,
1394,1296,70,3308092010,Pasar Mungkid,
1395,618,70,3308092010,Pasar Mungkid,
1396,1297,70,3308092010,Pasar Mungkid,
1397,1298,70,3308092010,Pasar Mungkid,
1398,1299,70,3308092010,Pasar Mungkid,
1399,1300,70,3308092010,Pasar Mungkid,
1400,1301,70,3308092010,Pasar Mungkid,
1401,1302,70,3308092010,Pasar Mungkid,
1402,1303,70,3308092010,Pasar Mungkid,
1403,1304,70,3308092010,Pasar Mungkid,
1404,1305,70,3308092010,Pasar Mungkid,
1405,1306,70,3308092010,Pasar Mungkid,
1406,1307,70,3308092010,Pasar Mungkid,
1407,1308,70,3308092010,Pasar Mungkid,
1408,453,70,3308092010,Pasar Mungkid,
1409,1309,70,3308092010,Pasar Mungkid,
1410,1310,70,3308092010,Pasar Mungkid,
1411,85,70,3308092010,Pasar Mungkid,
1412,1311,70,3308092010,Pasar Mungkid,
1413,1312,70,3308092010,Pasar Mungkid,
1414,1313,70,3308092010,Pasar Mungkid,
1415,55,70,3308092010,Pasar Mungkid,
1416,1314,70,3308092010,Pasar Mungkid,
1417,1315,70,3308092010,Pasar Mungkid,
1418,1316,70,3308092010,Pasar Mungkid,
1419,1317,70,3308092010,Pasar Mungkid,
1420,1318,70,3308092010,Pasar Mungkid,
1421,1319,70,3308092010,Pasar Mungkid,
1422,743,70,3308092010,Pasar Mungkid,
1423,218,70,3308092010,Pasar Mungkid,
1424,1320,70,3308092010,Pasar Mungkid,
1425,249,70,3308092010,Pasar Mungkid,
1426,1321,70,3308092010,Pasar Mungkid,
1427,364,70,3308092010,Pasar Mungkid,
1428,1322,70,3308092010,Pasar Mungkid,
1429,1323,70,3308092010,Pasar Mungkid,
1430,1324,70,3308092010,Pasar Mungkid,
1431,1325,70,3308092010,Pasar Mungkid,
1432,235,70,3308092010,Pasar Mungkid,
1433,1326,70,3308092010,Pasar Mungkid,
1434,1327,70,3308092010,Pasar Mungkid,
1435,1328,70,3308092010,Pasar Mungkid,
1436,1329,70,3308092010,Pasar Mungkid,
1437,1330,70,3308092010,Pasar Mungkid,
1438,1331,70,3308092010,Pasar Mungkid,
1439,796,70,3308092010,Pasar Mungkid,
1440,1332,70,3308092010,Pasar Mungkid,
1441,123,70,3308092010,Pasar Mungkid,
1442,1333,70,3308092010,Pasar Mungkid,
1443,411,70,3308092010,Pasar Mungkid,
1444,1334,70,3308092010,Pasar Mungkid,
1445,1335,70,3308092010,Pasar Mungkid,
1446,1336,70,3308092010,Pasar Mungkid,
1447,1337,70,3308092010,Pasar Mungkid,
1448,1338,70,3308092010,Pasar Mungkid,
1449,1339,70,3308092010,Pasar Mungkid,
1450,760,70,3308092010,Pasar Mungkid,
1451,1340,70,3308092010,Pasar Mungkid,
1452,229,70,3308092010,Pasar Mungkid,
1453,1341,70,3308092010,Pasar Mungkid,
1454,1342,70,3308092010,Pasar Mungkid,
1455,1343,70,3308092010,Pasar Mungkid,
1456,1344,70,3308092010,Pasar Mungkid,
1457,1345,70,3308092010,Pasar Mungkid,
1458,1346,70,3308092010,Pasar Mungkid,
1459,1347,70,3308092010,Pasar Mungkid,
1460,1348,70,3308092010,Pasar Mungkid,
1461,1349,70,3308092010,Pasar Mungkid,
1462,1350,70,3308092010,Pasar Mungkid,
1463,1351,70,3308092010,Pasar Mungkid,
1464,1352,70,3308092010,Pasar Mungkid,
1465,1353,70,3308092010,Pasar Mungkid,
1466,1354,70,3308092010,Pasar Mungkid,
1467,1355,70,3308092010,Pasar Mungkid,
1468,635,70,3308092010,Pasar Mungkid,
1469,1356,70,3308092010,Pasar Mungkid,
1470,353,70,3308092010,Pasar Mungkid,
1471,1357,70,3308092010,Pasar Mungkid,
1472,1358,70,3308092010,Pasar Mungkid,
1473,219,70,3308092010,Pasar Mungkid,
1474,1359,70,3308092010,Pasar Mungkid,
1475,524,70,3308092010,Pasar Mungkid,
1476,98,70,3308092010,Pasar Mungkid,
1477,1360,70,3308092010,Pasar Mungkid,
1478,1361,70,3308092010,Pasar Mungkid,
1479,1362,70,3308092010,Pasar Mungkid,
1480,1363,70,3308092010,Pasar Mungkid,
1481,602,70,3308092010,Pasar Mungkid,
1482,242,70,3308092010,Pasar Mungkid,
1483,680,70,3308092010,Pasar Mungkid,
1484,1364,70,3308092010,Pasar Mungkid,
1485,1365,70,3308092010,Pasar Mungkid,
1486,556,70,3308092010,Pasar Mungkid,
1487,1366,70,3308092010,Pasar Mungkid,
1488,1367,70,3308092010,Pasar Mungkid,
1489,1368,70,3308092010,Pasar Mungkid,
1490,279,70,3308092010,Pasar Mungkid,
1491,1369,70,3308092010,Pasar Mungkid,
1492,1370,70,3308092010,Pasar Mungkid,
1493,1371,70,3308092010,Pasar Mungkid,
1494,1372,70,3308092010,Pasar Mungkid,
1495,1373,70,3308092010,Pasar Mungkid,
1496,1374,70,3308092010,Pasar Mungkid,
1497,1375,70,3308092010,Pasar Mungkid,
1498,1376,70,3308092010,Pasar Mungkid,
1499,1377,70,3308092010,Pasar Mungkid,
1500,1378,70,3308092010,Pasar Mungkid,
1501,1379,70,3308092010,Pasar Mungkid,
1502,1380,70,3308092010,Pasar Mungkid,
1503,1381,70,3308092010,Pasar Mungkid,
1504,1382,70,3308092010,Pasar Mungkid,
1505,1383,70,3308092010,Pasar Mungkid,
1506,396,70,3308092010,Pasar Mungkid,
1507,1384,70,3308092010,Pasar Mungkid,
1508,1385,70,3308092010,Pasar Mungkid,
1509,1386,70,3308092010,Pasar Mungkid,
1510,246,70,3308092010,Pasar Mungkid,
1511,1387,70,3308092010,Pasar Mungkid,
1512,1388,70,3308092010,Pasar Mungkid,
1513,1389,70,3308092010,Pasar Mungkid,
1514,1390,70,3308092010,Pasar Mungkid,
1515,1391,70,3308092010,Pasar Mungkid,
1516,1392,70,3308092010,Pasar Mungkid,
1517,1393,70,3308092010,Pasar Mungkid,
1518,1394,70,3308092010,Pasar Mungkid,
1519,1395,70,3308092010,Pasar Mungkid,
1520,1396,70,3308092010,Pasar Mungkid,
1521,1397,70,3308092010,Pasar Mungkid,
1522,223,70,3308092010,Pasar Mungkid,
1523,1398,70,3308092010,Pasar Mungkid,
1524,1399,70,3308092010,Pasar Mungkid,
1525,852,70,3308092010,Pasar Mungkid,
1526,1400,70,3308092010,Pasar Mungkid,
1527,1401,70,3308092010,Pasar Mungkid,
1528,1402,7,3308092010,Stasiun Blabak,
1529,1403,63,3308092010,Jl Raya pasar Blabak,
1530,1404,63,3308091004,Ngentan Sawitan Mungkid,
1531,1405,63,3308092006,"Citran , Paremono",
1532,1406,63,3308022011,Jl Badrawati,
1533,1407,69,3308091004,Sawitan Mungkid,
1534,1408,69,3308091003,Mendut Mungkid,
1535,1409,69,3308102002,Pasuruhan,
1536,1410,69,3308102001,Deyangan,
1537,1411,63,3308092010,Mungkid,
1538,1412,63,3308092001,Srowol Progowati,
1539,1413,69,3308092011,Ambartawang,
1540,1414,69,3308092009,Tapen Pagersari,
1541,1415,69,3308092007,Pabelan,
1542,1416,69,3308092015,Gondang Mungkid,
1543,1417,69,3308022001,Giri Purno,
1544,1418,69,3308022001,Giri Tengah,
1545,1419,69,3308022003,Tuksongo,
1546,1420,69,3308022004,Majaksingi,
1547,1421,69,3308022005,Kenalan,
1548,1422,69,3308022006,Bigaran,
1549,1423,69,3308022007,Sambeng,
1550,1424,69,3308022008,Candirejo,
1551,1425,69,3308022010,Wanurejo,
1552,931,69,3308022011,Borobudur,
1553,1426,69,3308022009,Ngargogondo,
1554,1427,69,3308022012,Tanjungsari,
1555,1428,69,3308022013,Karanganyar,
1556,1429,69,3308022014,Karangrejo,
1557,1430,69,3308022015,Ngadiharjo,
1558,1431,69,3308022017,Tegalarum,
1559,1432,69,3308022019,Wringin Putih,
1560,1433,69,3308022019,Brongsongan Wringin Putih,
1561,1434,69,3308022020,Bumiharjo,
1562,1435,63,3308022019,Srigetan Wringinputih,
